trialDbId,trialName,programDbId,startDate,endDate,active
101,Peru Yield Trial 1,1,1/1/2013,7/5/2013,FALSE
102,Peru Yield Trial 2,1,6/1/2014,1/15/2015,FALSE
103,Ghana Genotype Trial 1,2,5/1/2011,12/15/2011,FALSE
104,Ghana Yield Trial 1,3,7/1/2012,2/1/2013,FALSE
105,Ghana Yield Trial 2,3,8/15/2013,2/28/2014,FALSE
106,Ghana Yield Trial 3,3,9/22/2014,3/21/2015,TRUE
107,Mozambique Yield Trial,4,5/12/2011,11/30/2011,FALSE
108,Mozambique Genotype Trial,4,2/17/2012,8/21/2012,FALSE
109,Demo Yield Trial,6,3/24/2016,10/21/2016,TRUE
